gameId,schema_use_4
0E3FH7,0
0ES8D4,1
1CAZ6R,0
1E5GA2,0
1H73GM,1
1KXBRG,0
1N783W,0
28XQGK,0
2NM4F8,0
2TH981,1
2TR5AF,0
34WHMR,0
36F73R,0
3BC0PA,1
3D2C9Y,0
3DRJ3F,0
40Y5YE,1
4CMZDP,1
4MZDNN,0
4WJS6X,0
5DTH0Z,0
5RYPPV,1
5XQ72P,0
5Y647G,0
5ZXSPS,0
63CTX0,0
6CNH70,0
6FYRF3,1
6HY7NX,0
6RJ7Z8,0
6TEJDC,1
6Z472W,1
74XPR3,1
79E82M,0
7BE84W,1
7E7FN0,1
7JRENM,0
7TP0DW,0
7YDWES,0
7ZTEW8,0
83Y6EK,0
8JTE0M,1
8VMN7T,0
92ZPH4,0
97MN2X,0
9DTMJQ,0
9FGBVX,0
9NQWJN,0
9YG10X,0
A5QAQ8,0
A99BAG,0
AAA1CK,0
AAE49H,0
ARZGAA,0
BF7TZW,0
BHVX5Z,0
BK8QW3,0
C6CY8X,0
C85FMG,0
CH2EM4,0
CP5QZ0,0
D390AY,0
DJB2VW,0
DSCVVJ,0
DY36DF,0
E1QE4B,1
E6EPZX,0
FNZD3K,0
FSR0XH,1
FTGT9R,0
G1XHHG,0
G6JMJJ,0
GM9Y3M,0
GWNNPQ,1
H82ZJ4,0
HDK8KE,0
HJAME1,0
HKFCMX,0
HMN4B3,0
HWSWDK,0
HXSNZK,0
HZ6KJH,0
JCFKXA,0
JT5KTQ,0
JVNR7F,0
JZRVR1,0
K8WC5N,0
KF4Y5F,0
KJBB6A,1
KRJVK2,1
KV94XV,0
M77Z8N,0
MB8VK7,0
MD4YG2,1
MFB0SJ,0
MPX3JM,0
NACQ3S,0
P0JRKR,0
P22NYY,0
P9VQEB,0
PBYTD3,1
PE6KHG,0
PEHN55,1
Q1F476,0
Q35KN8,1
RK849X,0
RX5ED1,0
S2SX39,0
S5F55X,0
SEW36Y,0
SF65X6,1
SVF8GN,0
SVNJPX,0
T1QFQN,0
T9E8Y9,1
TF65H8,0
TJKZD2,0
TMNGM4,0
TSEMQG,0
TVX9PZ,0
VDV067,0
VE1Q1B,0
VMGYCX,0
VRSKPE,0
VZN3ET,0
W7XKYE,0
W9784W,0
WE63A7,0
WFFYV5,0
WFX5XE,1
XR6T3T,0
YVBY96,0
Z0KKA1,0
Z7SSB3,0
Z9NZDJ,0
ZCXXHV,0
ZM3JQA,0
ZR4NH1,1
ZSRWVW,0
