treatment,gameId,accuracy_1a,accuracy_1b,accuracy_1c,accuracy_2,accuracy_3,accuracy_4,time_labeling_1a,time_labeling_1b,time_labeling_1c,time_labeling_2,time_labeling_3,time_labeling_4,score_1a,score_1b,score_1c,score_2,score_3,score_4
nonschema,0NJX16,2.0,3.0,2.0,0.0,0.0,0.0,107.533,134.927,292.057,300.0,300.0,300.0,1.1159365032129671,1.334054711065984,0.41087869833628365,0.0,0.0,0.0
nonschema,14RBNC,2.0,4.0,8.0,8.0,6.0,7.0,95.275,128.718,141.991,192.847,236.068,191.411,1.2595119391235894,1.8645410898242671,3.3804959469262132,2.4890197928928113,1.524984326549977,2.1942312615262445
nonschema,3NZWFJ,2.0,4.0,8.0,7.0,8.0,8.0,34.187,31.702,71.608,110.455,67.555,74.667,3.5101061807119667,7.570500283893761,6.703161657915316,3.8024534878457295,7.105321589815705,6.428542729719957
nonschema,3XTW7A,2.0,4.0,8.0,4.0,0.0,0.0,251.625,98.299,74.2,185.859,300.0,300.0,0.47690014903129657,2.4415304326595386,6.469002695417789,1.2913014704695494,0.0,0.0
nonschema,407XTD,0.0,4.0,8.0,8.0,8.0,8.0,56.009,64.227,86.899,163.5,164.452,144.395,0.0,3.7367462282217754,5.5236538970529,2.9357798165137616,2.9187848125896916,3.3242148273832193
nonschema,4GBFHG,2.0,4.0,6.0,5.0,8.0,8.0,94.728,139.123,149.607,300.0,213.229,300.0,1.266784899923993,1.7250921846136154,2.406304517836732,1.0,2.2511009290481128,1.6
nonschema,57ZQA5,2.0,4.0,7.0,5.0,8.0,8.0,46.921,48.524,94.056,127.987,121.58,121.808,2.5574902495684233,4.9460061000741895,4.465424853278898,2.3439880612874746,3.948017766079947,3.9406278733744906
nonschema,868SK9,2.0,4.0,8.0,7.0,8.0,7.0,115.863,136.387,124.53,187.601,217.375,152.201,1.0357059630770824,1.7596985049894784,3.854492893278728,2.2387940362791245,2.2081656124209315,2.7595088074322773
nonschema,987DM5,1.0,3.0,8.0,7.0,8.0,8.0,41.528,38.989,57.586,102.897,139.079,131.244,1.4448083220959353,4.616686757803484,8.335359288716008,4.081751654567189,3.451275893556899,3.657310048459358
nonschema,9TJB6Q,1.0,4.0,7.0,4.0,0.0,0.0,150.385,120.743,180.157,300.0,300.0,300.0,0.3989759616983077,1.9876928683236295,2.331299921734931,0.8,0.0,0.0
nonschema,A5SQN4,2.0,4.0,4.0,7.0,7.0,6.0,83.244,37.636,246.322,135.489,163.896,168.582,1.4415453366008362,6.37687320650441,0.9743344078076664,3.0998826472997805,2.5626006735978915,2.1354593017048087
nonschema,DA5DS8,2.0,4.0,8.0,6.0,8.0,8.0,123.728,95.344,260.421,300.0,273.886,288.775,0.9698693909220225,2.517200872629636,1.8431693296623544,1.2,1.7525539823138092,1.6621937494589216
nonschema,E8T5Z5,2.0,4.0,8.0,7.0,8.0,8.0,45.588,68.569,148.092,236.513,185.454,229.43,2.632271650434325,3.5001239627236798,3.241228425573292,1.7758009073497016,2.588242906596784,2.0921413938892033
nonschema,GQR2MR,2.0,4.0,7.0,4.0,8.0,6.0,69.308,67.695,110.888,248.389,153.884,181.191,1.7314018583713278,3.5453135386660763,3.7876055118678305,0.9662263626811172,3.1192326687634844,1.9868536516714406
nonschema,GYV382,1.0,4.0,8.0,5.0,8.0,8.0,72.339,47.703,53.245,128.609,81.02,104.191,0.8294281093186249,5.031130117602666,9.01493097943469,2.3326516806755357,5.924463095531968,4.606923822595041
nonschema,HCMSNR,0.0,4.0,7.0,6.0,7.0,6.0,300.0,88.726,83.702,109.782,125.142,145.321,0.0,2.7049568333972003,5.017801247282024,3.279226102639777,3.356187371146378,2.4772744476022046
nonschema,HQ8J1N,2.0,4.0,7.0,8.0,7.0,8.0,66.155,60.035,103.742,290.212,186.14,165.725,1.8139218502002872,3.9976680269842593,4.048504944959611,1.6539633095805826,2.2563661759965616,2.8963644591944484
nonschema,KHQ8YT,2.0,4.0,8.0,8.0,8.0,7.0,37.84,64.852,56.47,227.911,148.766,136.915,3.1712473572938684,3.700733978905816,8.500088542588985,2.1060852701273745,3.22654369950123,3.067596684074061
nonschema,KPV70Z,2.0,4.0,8.0,6.0,6.0,6.0,52.307,63.811,73.602,137.271,165.198,171.363,2.2941480107824956,3.7611070191659746,6.521561914078421,2.622549555259305,2.1792031380525185,2.1008035573606905
nonschema,KX2FC8,2.0,4.0,4.0,0.0,3.0,7.0,300.0,134.914,300.0,300.0,300.0,183.961,0.4,1.778911009976726,0.8,0.0,0.6,2.2830926120210258
nonschema,MARST6,2.0,4.0,8.0,8.0,8.0,7.0,41.456,43.014,90.903,188.455,150.468,172.264,2.8946352759552294,5.579578741804993,5.280353783703507,2.547027141757979,3.190047053194035,2.4381182371244132
nonschema,MBQ84F,2.0,4.0,7.0,4.0,7.0,7.0,61.745,99.085,154.557,182.058,156.222,212.161,1.9434772046319542,2.422162789524146,2.717444049768047,1.318261213459447,2.688481775934247,1.9796286782207853
nonschema,MD8EBA,2.0,4.0,8.0,8.0,8.0,8.0,147.23,94.035,78.128,300.0,276.153,194.121,0.8150512803097196,2.552241186792152,6.143764079459348,1.6,1.7381668857481176,2.4726845627211893
nonschema,NFEW6M,2.0,4.0,8.0,7.0,7.0,6.0,63.87,65.47,103.882,175.923,158.548,149.718,1.8788163457022076,3.6658011302886817,4.620627250149208,2.3874081274193824,2.649040038348008,2.40452049853725
nonschema,NPT449,2.0,4.0,8.0,8.0,8.0,8.0,69.807,40.565,90.673,185.332,171.206,145.14,1.7190253126477286,5.916430420313079,5.293747863200732,2.589946690263959,2.8036400593437145,3.307151715584953
nonschema,QE3M01,2.0,4.0,8.0,8.0,7.0,8.0,54.996,57.327,103.246,191.253,179.822,250.098,2.181976871045167,4.186508974828615,4.649090521666699,2.509764552712899,2.335643024768938,1.9192476549192714
nonschema,QQKA1C,2.0,3.0,7.0,7.0,8.0,7.0,53.148,81.776,97.983,118.947,168.513,116.089,2.2578460149017836,2.2011348072784194,4.286457854934019,3.5309843880047413,2.8484449270976127,3.6179138419660775
nonschema,R2C7TK,2.0,4.0,8.0,8.0,8.0,7.0,34.803,31.495,43.944,114.236,122.077,117.909,3.44797862253254,7.620257183679949,10.922992900054615,4.201827795090864,3.931944592347453,3.5620690532529324
nonschema,R54G96,2.0,4.0,8.0,8.0,8.0,8.0,37.939,29.107,67.764,120.059,123.096,78.874,3.1629721394870716,8.24543924141959,7.083407118824154,3.9980342998025975,3.899395593682979,6.08565560260669
nonschema,SJME17,2.0,4.0,8.0,8.0,8.0,8.0,45.005,65.848,114.384,244.098,158.6,120.81,2.6663704032885236,3.6447576236180295,4.1963911036508605,1.9664233217805964,3.0264817150063053,3.9731810280605906
nonschema,V85HRK,1.0,4.0,4.0,5.0,8.0,8.0,59.54,71.878,163.678,300.0,274.679,195.871,1.0077258985555928,3.3389910681988924,1.466293576412224,1.0,1.7474943479479685,2.4505924817864817
nonschema,W8KCV6,2.0,3.0,5.0,7.0,6.0,7.0,134.558,250.333,294.459,275.367,230.837,270.066,0.8918087367529244,0.7190422357419917,1.01881756033947,1.525237228861846,1.5595420144950767,1.5551754015685058
nonschema,YSC5HR,2.0,4.0,5.0,2.0,6.0,3.0,27.584,31.969,47.841,138.895,106.489,139.269,4.3503480278422275,7.507272670399448,6.270771932024831,0.8639619856726304,3.3806308632816533,1.2924627878422335
nonschema,Z6FG46,2.0,4.0,8.0,8.0,8.0,8.0,44.018,52.094,95.685,200.845,201.615,174.99,2.7261574810304876,4.607056474833954,5.016460260228876,2.3899026612561927,2.380775239937505,2.7430138865078004
schema,0HQTBM,2.0,3.0,8.0,6.0,8.0,4.0,37.978,26.527,140.242,61.416,79.729,109.366,3.1597240507662328,6.785539261884118,3.4226551247129966,5.861664712778429,6.0203940849628115,2.194466287511658
schema,1PHMY2,2.0,4.0,8.0,8.0,8.0,4.0,62.383,56.186,103.07,108.005,122.015,238.936,1.9236009810365002,4.271526714839996,4.6570292034539635,4.444238692653118,3.933942548047371,1.0044530753004988
schema,30BS7N,2.0,4.0,8.0,8.0,8.0,4.0,29.958,105.696,132.259,164.95,83.376,300.0,4.005607850991388,2.2706630336058127,3.629242622430232,2.909972719005759,5.757052389176741,0.8
schema,31GC47,2.0,4.0,8.0,8.0,8.0,6.0,67.122,57.44,103.229,97.904,108.272,300.0,1.7877893984088675,4.178272980501393,4.649856145075511,4.902761889197582,4.433279148810404,1.2
schema,3MTPC9,2.0,3.0,8.0,8.0,8.0,7.0,43.855,71.517,132.953,62.673,64.596,227.217,2.7362900467449554,2.516884097487311,3.610298376117876,7.658800440381024,7.43080066877206,1.8484532407346281
schema,3TBNWP,2.0,2.0,7.0,8.0,8.0,2.0,70.243,117.146,300.0,97.943,249.546,100.698,1.7083552809532623,1.0243627609990953,1.4000000000000001,4.90080965459502,1.9234930634031402,1.1916820592265984
schema,4C45AQ,2.0,4.0,8.0,8.0,8.0,7.0,58.157,72.988,70.596,80.039,68.596,202.342,2.063380160599756,3.288211760837398,6.799252082270949,5.997076425242694,6.9974925651641495,2.075693627620563
schema,6NJQAK,2.0,4.0,7.0,8.0,6.0,2.0,51.058,39.193,93.683,52.164,63.388,48.904,2.3502683223001295,6.123542469318501,4.483203996456134,9.201748332183115,5.679308386445384,2.45378701128742
schema,6Y1ZWP,2.0,3.0,8.0,7.0,8.0,2.0,36.265,84.203,36.201,13.725,24.999,10.727,3.308975596304977,2.137691056138142,13.259302229220188,30.601092896174865,19.200768030721232,11.186725086231005
schema,7123Y2,2.0,4.0,8.0,8.0,8.0,1.0,67.702,148.265,106.633,97.714,129.837,300.0,1.7724734867507606,1.61872323205072,4.501420760927668,4.912295065190249,3.6969430901823057,0.2
schema,7XZ4VH,2.0,4.0,7.0,8.0,7.0,2.0,49.772,51.168,91.684,150.196,116.095,300.0,2.410994133247609,4.690431519699812,4.580951965446534,3.1958241231457563,3.617726861621948,0.4
schema,82WGW1,2.0,4.0,8.0,8.0,8.0,8.0,48.083,34.941,80.437,68.945,73.324,282.718,2.4956845454734524,6.868721559199794,5.967403060780486,6.962071216186816,6.546287709344826,1.6978048797741918
schema,9NVFJX,2.0,1.0,8.0,7.0,6.0,7.0,69.451,101.902,125.793,93.407,159.847,224.243,1.7278368921973768,0.5888010048870483,3.8157926116715557,4.496451015448521,2.2521536219009426,1.8729681640006601
schema,C16QEP,2.0,4.0,8.0,7.0,8.0,7.0,61.051,46.706,101.218,64.072,88.767,174.541,1.9655697695369445,5.1385260994304796,4.742239522614555,6.5551254838306905,5.407414917705904,2.40631141107247
schema,CA1VF5,2.0,4.0,2.0,4.0,8.0,7.0,86.1,132.551,242.0,236.555,169.808,171.053,1.3937282229965158,1.8106238353539394,0.49586776859504134,1.014563209401619,2.826721944784698,2.4553793268752964
schema,E22RRE,2.0,4.0,7.0,8.0,7.0,7.0,31.606,46.314,66.986,73.052,97.781,137.905,3.79674745301525,5.182018396165306,6.269966858746603,6.570661994195915,4.295312995367198,3.0455748522533628
schema,ES0E4B,0.0,2.0,7.0,7.0,7.0,3.0,145.937,244.543,294.629,262.912,300.0,300.0,0.0,0.4907112450571065,1.425521588166813,1.5974926971762415,1.4000000000000001,0.6
schema,F5TT2F,2.0,4.0,7.0,8.0,8.0,8.0,76.176,106.041,185.727,134.153,107.616,265.836,1.5752993068683048,2.263275525504286,2.2613836437351598,3.5780042190633083,4.460303300624442,1.8056245203809866
schema,GQK8HG,2.0,4.0,8.0,7.0,8.0,1.0,73.981,197.953,228.018,96.833,119.893,300.0,1.6220380908611671,1.2124090061782342,2.1050969660289978,4.337364328276517,4.003569849782723,0.2
schema,GSRN5T,2.0,4.0,8.0,8.0,8.0,6.0,62.329,113.822,208.077,94.93,108.524,300.0,1.925267531967463,2.108555463794345,2.306838333886013,5.0563573159169914,4.422984777560724,1.2
schema,K1JA24,2.0,4.0,8.0,8.0,8.0,5.0,55.986,125.521,100.642,170.791,96.356,257.844,2.143392991104919,1.912030656224855,4.769380576697602,2.8104525414102617,4.98152683797584,1.163494205798855
schema,KHZJM5,2.0,4.0,8.0,8.0,8.0,8.0,140.2,89.865,99.857,126.431,123.283,300.0,0.8559201141226819,2.670672675680187,4.806873829576294,3.7965372416575054,3.8934808529967637,1.6
schema,PP2GEH,2.0,4.0,8.0,8.0,8.0,2.0,78.329,70.104,244.424,105.129,54.048,291.712,1.5319996425334168,3.423485107839781,1.9638006087781887,4.565819136489456,8.880994671403197,0.411364633611233
schema,PYZZRG,2.0,4.0,8.0,8.0,8.0,3.0,87.687,110.012,150.171,155.044,80.856,300.0,1.3685038831297685,2.1815801912518635,3.196356153984458,3.0958953587368745,5.936479667557139,0.6
schema,Q15A59,1.0,3.0,6.0,8.0,8.0,5.0,119.056,57.189,243.794,187.446,112.448,300.0,0.5039645208977288,3.1474584273199393,1.4766565214894543,2.5607374923978106,4.2686397268070575,1.0
schema,QHTZ3N,2.0,2.0,5.0,7.0,4.0,4.0,114.721,47.13,123.368,133.826,129.25,149.114,1.0460159866109953,2.546148949713558,2.4317489138188186,3.1384035987027934,1.8568665377176015,1.609506820285151
schema,QVB21B,2.0,4.0,8.0,8.0,8.0,7.0,79.527,73.854,186.841,191.992,171.107,300.0,1.5089214983590478,3.249654724185555,2.5690292815816655,2.5001041710071257,2.805262204351663,1.4000000000000001
schema,RHNS8Z,2.0,4.0,8.0,6.0,7.0,8.0,26.924,49.934,64.059,85.009,75.59,89.629,4.456990046055564,4.806344374574439,7.493092305530839,4.234845722217647,5.556290514618335,5.355409521471845
schema,SFQ0P4,2.0,3.0,8.0,8.0,5.0,8.0,29.76,43.737,79.852,63.272,226.047,174.153,4.032258064516129,4.115508608272172,6.011120573060161,7.586294095334429,1.3271576265113008,2.756197137000224
schema,TBM35H,1.0,2.0,7.0,6.0,7.0,7.0,43.496,79.636,214.91,76.448,40.888,145.989,1.3794371896266322,1.5068561956903914,1.9543064538644082,4.709083298451235,10.271962433965957,2.8769290836980868
schema,TY9XBR,2.0,4.0,6.0,8.0,4.0,6.0,177.117,152.392,266.558,294.839,294.584,300.0,0.6775182506478769,1.5748858207779937,1.3505503492673265,1.6280071496647324,0.8147081986801727,1.2
schema,VF2XR4,2.0,4.0,7.0,8.0,8.0,8.0,52.788,34.594,106.622,132.931,99.814,248.798,2.2732439190725167,6.937619240330693,3.939149518861023,3.6108958783128084,4.808944637024866,1.9292759588099582
schema,VT5G2M,2.0,4.0,6.0,7.0,6.0,4.0,52.896,91.192,139.369,271.335,214.516,250.883,2.268602540834846,2.631809807877884,2.5830708407178067,1.54790203991376,1.6781964981633073,0.9566212138726019
schema,WMJTSY,2.0,3.0,7.0,0.0,8.0,8.0,73.729,69.916,145.848,42.495,48.407,11.373,1.6275820911717234,2.574517993020196,2.879710383412868,0.0,9.915921251058732,42.205222896333424
schema,YTYFXS,2.0,4.0,8.0,8.0,8.0,8.0,66.131,68.543,86.707,75.656,104.777,225.539,1.8145801515174427,3.5014516434938647,5.535885222646384,6.3445067146029395,4.581158078585949,2.1282350280882687
schema,ZD373X,2.0,4.0,8.0,8.0,8.0,5.0,35.988,48.018,58.308,26.186,13.902,132.761,3.334444814938313,4.998125702861427,8.232146532208272,18.33040556022302,34.527406128614594,2.259699761225059
